{"cameraMode":{"drawMode":0,"name":"Shaded","section":"Shading Mode"},"sceneLighting":true,"audioPlay":false,"sceneViewState":{"m_AlwaysRefresh":false,"showFog":true,"showSkybox":true,"showFlares":true,"showImageEffects":true,"showParticleSystems":true,"showVisualEffectGraphs":true,"m_FxEnabled":true},"in2DMode":false,"pivot":{"x":0.016520829871296884,"y":-0.792483925819397,"z":-0.5837365984916687},"rotation":{"x":0.15078020095825196,"y":-0.7882533073425293,"z":0.21334169805049897,"w":0.5571556687355042},"size":2.782041072845459,"orthographic":true}